date,date_orig,acct_name,operating_income,acct_name,cf_from_operations
2016-03-31,3/31/2016,Loss from operations,-248224,Net cash used in operating activities,-249605
2016-06-30,6/30/2016,Loss from operations,-238040,Net cash used in investing activities,-553673
2016-09-30,9/30/2016,Income (loss) from operations,85622,Net cash provided by (used in) operating activities,324380
2016-12-31,12/31/2016,Loss from operations,-266698,Net cash used in operating activities,355069
2017-03-31,3/31/2017,Loss from operations,-257549,Net cash used in operating activities,-69811
2017-06-30,6/30/2017,Loss from operations,-240916,Net cash used in operating activities,-269983
2017-09-30,9/30/2017,(Loss) income from operations,-535480,Net cash (used in) provided by operating activities,-570545
2017-12-31,12/31/2017,Loss from operations,-598141,Net cash used in operating activities,849685
2018-03-31,3/31/2018,Loss from operations,-596974,Net cash used in operating activities,-398376
